ID,Название книги,Автор книги,Год издания,Статус
1,Мастер и Маргарита,Михаил Булгаков,1929-1940,в наличии
2,Собачье сердце,Михаил Булгаков,1925,выдана
3,Двенадцать стульев,"Илья Ильф, Евгений Петров",1928,в наличии
4,Мёртвые души,Николай Гоголь,1842,в наличии
5,Граф Монте-Кристо,Александр Дюма,1844-1845,в наличии
6,Золотой теленок,"Илья Ильф, Евгений Петров",1931,в наличии
7,Три товарища,Эрих Мария Ремарк,1936,в наличии
8,Отверженные,Виктор Гюго,1862,в наличии
9,Евгений Онегин,Александр Пушкин,1825-1837,в наличии
10,Преступление и наказание,Федор Достоевский,1866,в наличии
11,Село Степанчиково и его обитатели,Федор Достоевский,1859,в наличии
12,Повести Белкина,Александр Пушкин,1831,в наличии
13,Война и мир,Лев Толстой,1865-1868,в наличии
14,Три мушкетера,Александр Дюма,1844,в наличии
15,Ревизор,Николай Гоголь,1836,в наличии
16,Собака Баскервилей,Артур Конан Дойль,1901-1902,в наличии
17,Отцы и дети,Иван Тургенев,1860-1861,в наличии
18,Палата № 6,Антон Чехов,1892,в наличии
19,Рудин,Иван Тургенев,1855,в наличии
20,Братья Карамазовы,Федор Достоевский,1879-1880,в наличии
21,Идиот,Федор Достоевский,1868-1869,в наличии
22,Приключения Шерлока Холмса,Артур Конан Дойль,1887-1927,в наличии
23,Дубровский,Александр Пушкин,"1833, 1842",в наличии
24,Горе от ума,Александр Грибоедов,1828,в наличии
25,Дворянское гнездо,Иван Тургенев,1859,в наличии
26,Униженные и оскорблённые,Федор Достоевский,1861,в наличии
27,Двадцать тысяч лье под водой,Жюль Верн,1869,в наличии
28,А зори здесь тихие,Борис Васильев,1969,в наличии
29,Воскресение,Лев Толстой,1899,в наличии
30,Триумфальная арка,Эрих Мария Ремарк,1945,в наличии
31,Драма на охоте,Антон Чехов,1884-1885,в наличии
32,Рассказы,Антон Чехов,1883-1885,в наличии
33,Подросток,Федор Достоевский,1875,в наличии
34,Капитанская дочка,Александр Пушкин,1836,в наличии
35,Старик и море,Эрнест Хемингуэй,1952,в наличии
36,Джейн Эйр,Шарлотта Бронте,1847,в наличии
37,Анна Каренина,Лев Толстой,1873-1877,в наличии
38,Дети капитана Гранта,Жюль Верн,1868,в наличии
39,"Виконт де Бражелон, или Десять лет спустя",Александр Дюма,1847-1850,в наличии
40,Двадцать лет спустя,Александр Дюма,1845,в наличии
41,Руслан и Людмила,Александр Пушкин,1820,в наличии
42,Робинзон Крузо,Даниель Дефо,1719,в наличии
43,Герой нашего времени,Михаил Лермонтов,1839-1840,в наличии
44,Бесы,Федор Достоевский,1870-1872,в наличии
45,Солярис,Станислав Лем,1961,в наличии
46,Семнадцать мгновений весны,Юлиан Семенов,1969,в наличии
47,Черный обелиск,Эрих Мария Ремарк,1956,в наличии
48,Графиня де Монсоро,Александр Дюма,1846,в наличии
49,Тихий Дон,Михаил Шолохов,1926-1940,в наличии
50,Белый Клык,Джек Лондон,1906,в наличии
51,Возвращение Шерлока Холмса,Артур Конан Дойль,1905,в наличии
52,Земля Санникова,Владимир Обручев,1924,в наличии
53,Обломов,Иван Гончаров,1848-1858,в наличии
54,Белая гвардия,Михаил Булгаков,1924,в наличии
55,Вишневый сад,Антон Чехов,1903,в наличии
56,Судьба человека,Михаил Шолохов,1957,в наличии
57,"Про Федота-стрельца, удалого молодца",Леонид Филатов,1985,в наличии
58,Алые паруса,Александр Грин,1916—1922,в наличии
59,Человек-амфибия,Александр Беляев,1928,в наличии
60,Детство. Отрочество. Юность,Лев Толстой,1852-1857,в наличии
61,Дядя Ваня,Антон Чехов,1896,в наличии
62,Два капитана,Вениамин Каверин,1938-1944,в наличии
63,1984,Джордж Оруэлл,1947-1948,в наличии
64,Пикник на обочине,Аркадий и Борис Стругацкие,1972,в наличии
65,Вечера на хуторе близ Диканьки,Николай Гоголь,1831-1832,в наличии
66,Республика ШКИД,"Григорий Белых, Л. Пантелеев",1926,в наличии
67,Сорок пять,Александр Дюма,1848,в наличии
68,Доктор Живаго,Борис Пастернак,1945-1955,в наличии
69,Борис Годунов,Александр Пушкин,1825,в наличии
70,Игрок,Федор Достоевский,1866,в наличии
71,Пиковая дама,Александр Пушкин,1834,в наличии
72,Пётр Первый,Алексей Толстой,1929-1945,в наличии
73,Записки юного врача,Михаил Булгаков,1925-1926,в наличии
74,Трудно быть богом,Аркадий и Борис Стругацкие,1963,в наличии
75,Медный всадник,Александр Пушкин,1833,в наличии
76,Бедные люди,Федор Достоевский,1845,в наличии
77,Хождение по мукам,Алексей Толстой,1922-1941,в наличии
78,Записки из Мёртвого дома,Федор Достоевский,1860-1861,в наличии
79,Чайка,Антон Чехов,1896,в наличии
80,Момент истины (В августе 44-го),Владимир Богомолов,1974,в наличии
81,Морфий,Михаил Булгаков,1926,в наличии
82,Бег,Михаил Булгаков,1926,в наличии
83,Волшебник Изумрудного города,Александр Волков,1939,в наличии
84,Иван Васильевич,Михаил Булгаков,1934—1936,в наличии
85,Живые и мертвые,Константин Симонов,1959-1971,в наличии
86,Тарас Бульба,Николай Гоголь,"1835, 1842",в наличии
87,Записки о Шерлоке Холмсе,Артур Конан Дойль,1894,в наличии
88,Таинственный остров,Жюль Верн,1874,в наличии
89,Три сестры,Антон Чехов,1900,в наличии
90,Записки охотника,Иван Тургенев,1852,в наличии
91,Бесприданница,Александр Островский,1878,в наличии
92,Понедельник начинается в субботу,Аркадий и Борис Стругацкие,1965,в наличии
93,Фауст,Иоганн Вольфганг фон Гёте,1774-1831,в наличии
94,Мартин Иден,Джек Лондон,1909,в наличии
95,Приключения Тома Сойера,Марк Твен,1876,в наличии
96,Белеет парус одинокий,Валентин Катаев,1936,в наличии
97,Хаджи-Мурат,Лев Толстой,1896-1904,в наличии
98,Похождения бравого солдата Швейка во время мировой войны,Ярослав Гашек,1921-1923,в наличии
99,Приключения Гекльберри Финна,Марк Твен,1884,в наличии
100,Обитаемый остров,Аркадий и Борис Стругацкие,1969,в наличии
101,Кавказский пленник,Лев Толстой,1872,в наличии
102,Сто лет одиночества,Габриэль Гарсиа Маркес,1967,в наличии
103,Шинель,Николай Гоголь,1842,в наличии
104,Собор Парижской Богоматери,Виктор Гюго,1831,в наличии
105,Пролетая над гнездом кукушки,Кен Кизи,1962,в наличии
106,Остров сокровищ,Роберт Льюис Стивенсон,1883,в наличии
107,Гиперболоид инженера Гарина,Алексей Толстой,1927,в наличии
108,Сердца трех,Джек Лондон,1920,в наличии
109,Лето Господне,Иван Шмелёв,1927—1948,в наличии
110,Вий,Николай Гоголь,1835,в наличии
111,Севастопольские рассказы,Лев Толстой,1855,в наличии
112,Алхимик,Пауло Коэльо,1988,в наличии
113,Записки из подполья,Федор Достоевский,1864,в наличии
114,Убийство в «Восточном экспрессе»,Агата Кристи,1934,в наличии
115,451 градус по Фаренгейту,Рэй Брэдбери,1953,в наличии
116,Гамлет,Уильям Шекспир,1601,в наличии
117,Казаки,Лев Толстой,1863,в наличии
118,Басни,Иван Крылов,1805-1844,в наличии
119,Утиная охота,Александр Вампилов,1970,в наличии
120,Крейцерова соната,Лев Толстой,1889,в наличии
121,На западном фронте без перемен,Эрих Мария Ремарк,1928-29,в наличии
122,Американская трагедия,Теодор Драйзер,1925,в наличии
123,Денискины рассказы,Виктор Драгунский,1959-1972,в наличии
124,По ком звонит колокол,Эрнест Хемингуэй,1940,в наличии
125,Великий Гэтсби,Фрэнсис Скотт Фицджеральд,1925,в наличии
126,Портрет Дориана Грея,Оскар Уайльд,1891,в наличии
127,Левша,Николай Лесков,1881,в наличии
128,Петербургские повести,Николай Гоголь,1832-1842,в наличии
129,Сказки,Ганс Христиан Андерсен,1839-1872,в наличии
130,На дне,Максим Горький,1901-1902,в наличии
131,Незнайка на Луне,Николай  Носов,1964-1965,в наличии
132,Отец Сергий,Лев Толстой,1911,в наличии
133,Маленький принц,Антуан де Сент-Экзюпери,1942,в наличии
134,Стихотворения,Сергей Есенин,1910-1925,в наличии
135,Белый Бим Черное Ухо,Гавриил Троепольский,1971,в наличии
136,Ромео и Джульетта,Уильям Шекспир,"1591-92(?), 1595(?)",в наличии
137,Театральный роман (Записки покойника),Михаил Булгаков,1929-1936,в наличии
138,Морской волк,Джек Лондон,1904,в наличии
139,Книга джунглей,Редьярд Киплинг,1894-1895,в наличии
140,Сказка о рыбаке и рыбке,Александр Пушкин,1833,в наличии
141,Голова профессора Доуэля,Александр Беляев,1925,в наличии
142,Путешествия Гулливера,Джонатан Свифт,1726,в наличии
143,Cтихотворения,Александр Пушкин,1809-1836,в наличии
144,Гранатовый браслет,Александр Куприн,1910,в наличии
145,Дама с собачкой,Антон Чехов,1899,в наличии
146,Гадкие лебеди,Аркадий и Борис Стругацкие,1967,в наличии
147,Рассказы,Василий Шукшин,1958-1974,в наличии
148,Смерть Ивана Ильича,Лев Толстой,1886,в наличии
149,Донские рассказы,Михаил Шолохов,1926,в наличии
150,Алиса в стране чудес,Льюис Кэрролл,1864,в наличии
151,Белые ночи,Федор Достоевский,1848,в наличии
152,Архиерей,Антон Чехов,1902,в наличии
153,Знак четырех,Артур Конан Дойль,1890,в наличии
154,Принц и нищий,Марк Твен,1880,в наличии
155,Непобедимый,Станислав Лем,1964,в наличии
156,Красное и чёрное,Стендаль,1830,в наличии
157,Ася,Иван Тургенев,1858,в наличии
158,Унесённые ветром,Маргарет Митчелл,1936,в наличии
159,Маленькие трагедии,Александр Пушкин,1830,в наличии
160,Загадка Эндхауза,Агата Кристи,1932,в наличии
161,Над пропастью во ржи,Джером Д. Сэлинджер,1951,в наличии
162,Мцыри,Михаил Лермонтов,1840,в наличии
163,Зойкина квартира,Михаил Булгаков,1925,в наличии
164,Мы,Евгений Замятин,1920,в наличии
165,Леди Макбет Мценского уезда,Николай Лесков,1864,в наличии
166,Король Лир,Уильям Шекспир,1605-1606,в наличии
167,Алиса в Зазеркалье,Льюис Кэрролл,1871,в наличии
168,Очарованный странник,Николай Лесков,1873,в наличии
169,Портрет,Николай Гоголь,1833-1834  / 1841-1842,в наличии
170,Сотников,Василь Быков,1970,в наличии
171,Приключения Незнайки и его друзей,Николай  Носов,1953-1954,в наличии
172,Скотный двор,Джордж Оруэлл,1945,в наличии
173,Пятнадцатилетний капитан,Жюль Верн,1878,в наличии
174,Двенадцать,Александр Блок,1918,в наличии
175,Поднятая целина,Михаил Шолохов,1930-1959,в наличии
176,Убийство Роджера Экройда,Агата Кристи,1926,в наличии
177,Приключения Алисы,Кир Булычев,1965-2003,в наличии
178,История одного города,Михаил Салтыков-Щедрин,1869-1870,в наличии
179,Дьявол и сеньорита Прим,Пауло Коэльо,2000,в наличии
180,Обыкновенная история,Иван Гончаров,1847,в наличии
181,Хитроумный идальго Дон Кихот Ламанчский,Мигель Сервантес,1615,в наличии
182,Кому на Руси жить хорошо,Николай Некрасов,1865-1876,в наличии
183,Дуэль,Антон Чехов,1891,в наличии
184,"Прощай, оружие! ",Эрнест Хемингуэй,1929,в наличии
185,Машина времени,Герберт Уэллс,1895,в наличии
186,Роковые яйца,Михаил Булгаков,1924,в наличии
187,Муму,Иван Тургенев,1852,в наличии
188,Замыслил я побег…,Юрий Поляков,1999,в наличии
189,О дивный новый мир,Олдос Хаксли,1932,в наличии
190,Тёмные аллеи,Иван Бунин,1938,в наличии
191,Челкаш,Максим Горький,1895,в наличии
192,Каштанка,Антон Чехов,1887,в наличии
193,Сто дней до приказа,Юрий Поляков,"1980, 1987",в наличии
194,Василий Тёркин,Александр Твардовский,1942-1945,в наличии
195,Повесть о настоящем человеке,Борис Полевой,1946,в наличии
196,Колымские рассказы,Варлам Шаламов,1954-1962,в наличии
197,Этюд в багровых тонах,Артур Конан Дойль,1887,в наличии
198,Кондуит и Швамбрания,Лев Кассиль,1928-1931,в наличии
199,Гордость и предубеждение,Джейн Остин,"1796-1797, 1813",в наличии
200,Загадочное происшествие в Стайлзе,Агата Кристи,1920,в наличии
201,Цикл произведений о Ведьмаке,Анджей Сапковский,1990-1998,в наличии
202,Анна Снегина,Сергей Есенин,1925,в наличии
203,Обыкновенное чудо,Евгений Шварц,1956,в наличии
204,Улитка на склоне,Аркадий и Борис Стругацкие,"1966, 1968",в наличии
205,Затерянный мир,Артур Конан Дойль,1912,в наличии
206,Недоросль,Денис Фонвизин,1782,в наличии
207,Рассказы,О.Генри,1904-1910,в наличии
208,Час быка,Иван Ефремов,1970,в наличии
209,Господа Головлёвы,Михаил Салтыков-Щедрин,1875—1880 гг,в наличии
210,Вокруг света за восемьдесят дней,Жюль Верн,1872,в наличии
211,Превращение,Франц Кафка,1912,в наличии
212,Град обреченный,Аркадий и Борис Стругацкие,1975,в наличии
213,"Богач, бедняк",Ирвин Шоу,1969,в наличии
214,Старуха Изергиль,Максим Горький,1894,в наличии
215,Педагогическая поэма,Антон Макаренко,1931,в наличии
216,Неточка Незванова,Федор Достоевский,1849,в наличии
217,Запертая комната,"Пер Вале, Май Шевалль",1972,в наличии
218,Сказка о царе Салтане,Александр Пушкин,1831,в наличии
219,Пять поросят,Агата Кристи,1942,в наличии
220,Апофегей,Юрий Поляков,1989,в наличии
221,Жизнь взаймы,Эрих Мария Ремарк,1959/1961,в наличии
222,Уроки французского,Валентин Распутин,1973,в наличии
223,Багровый остров,Михаил Булгаков,1924,в наличии
224,До третьих петухов,Василий Шукшин,1975,в наличии
225,А поутру они проснулись,Василий Шукшин,1973-1974,в наличии
226,Адам и Ева,Михаил Булгаков,1931,в наличии
227,Стихотворения,Николай Некрасов,1879,в наличии
228,Королева Марго,Александр Дюма,1845,в наличии
229,Страна багровых туч,Аркадий и Борис Стругацкие,1959,в наличии
230,Чудесное путешествие Нильса с дикими гусями,Сельма Лагерлёф,1906,в наличии
231,Саргассы в космосе,Андре Нортон,1955,в наличии
232,Кортик,Анатолий Рыбаков,1947,в наличии
233,Человек-невидимка,Герберт Уэллс,1897,в наличии
234,Убийство на поле для гольфа,Агата Кристи,1923,в наличии
235,Приключения Эраста Фандорина,Борис Акунин,1998-2009,в наличии
236,Даурия,Константин Седых,1948,в наличии
237,Горячий снег,Юрий Бондарев,1970,в наличии
238,Стихотворения,Роберт Рождественский,1950-1990,в наличии
239,"Мороз, Красный нос",Николай Некрасов,1863,в наличии
240,Бегущая по волнам,Александр Грин,1928,в наличии
241,Неизвестный солдат,Анатолий Рыбаков,1970,в наличии
242,Приключения Оливера Твиста,Чарльз Диккенс,1838,в наличии
243,Стихотворения,Евгений Евтушенко,1949-...,в наличии
244,Любовь к жизни,Джек Лондон,1905,в наличии
245,Аэлита,Алексей Толстой,1923,в наличии
246,Конёк-Горбунок,Петр Ершов,1834-1856,в наличии
247,Лирика,Анна Ахматова,1911-1966,в наличии
248,Трагедия в трёх актах,Агата Кристи,1934,в наличии
249,Они сражались за Родину,Михаил Шолохов,1969,в наличии
250,Тень,Евгений Шварц,1940,в наличии
251,Каторга,Валентин Пикуль,1987,в наличии
252,Волшебная гора,Томас Манн,1924,в наличии
253,Слово и дело,Валентин Пикуль,1974-1975,в наличии
254,Сказка о попе и о работнике его Балде,Александр Пушкин,1830,в наличии
255,"Трое в лодке, не считая собаки",Джером К. Джером,1889,в наличии
256,Серия книг о Гарри Поттере,Джоан Роулинг,1997-2007,в наличии
257,"Человек, который смеется",Виктор Гюго,1860-е,в наличии
258,Рассказы,Михаил Зощенко,1922-1958,в наличии
259,Голый король,Евгений Шварц,1934,в наличии
260,Лирика,Марина Цветаева,1906-1941,в наличии
261,Стихотворения,Борис Пастернак,1912-1959,в наличии
262,Всадник без головы,Томас Майн Рид,1865-1866,в наличии
263,Чапаев,Дмитрий Фурманов,1923,в наличии
264,Знак беды,Василь Быков,1982,в наличии
265,День триффидов,Джон Уиндэм,1951,в наличии
266,Божественная комедия,Данте Алигьери,1307-1321,в наличии
267,Северная одиссея,Джек Лондон,1914,в наличии
268,Москва и москвичи,Владимир Гиляровский,1934,в наличии
269,Евангелие от палача,Братья Вайнеры,1984,в наличии
270,Рассказы,Виктория Токарева,,в наличии
271,Марсианские хроники,Рэй Брэдбери,1950,в наличии
272,Одиссея,Гомер,VIII век до н. э.,в наличии
273,Вечный зов,Анатолий Иванов,1971-1976,в наличии
274,Илиада,Гомер,VIII век до н. э.,в наличии
275,Порт-Артур,Александр Степанов,1940,в наличии
276,Война миров,Герберт Уэллс,1897,в наличии
277,Будденброки,Томас Манн,1901,в наличии
278,Хранитель древностей,Юрий Домбровский,1964,в наличии
279,Олеся,Александр Куприн,1898,в наличии
280,Вероника решает умереть,Пауло Коэльо,1998,в наличии
281,Доктор Фаустус,Томас Манн,1947,в наличии
282,Винни-Пух,Алан Александр Милн,1924-1928,в наличии
283,Ионыч,Антон Чехов,1898,в наличии
284,Таис Афинская,Иван Ефремов,1972,в наличии
285,Дядюшкин сон,Федор Достоевский,1859,в наличии
286,Замок,Франц Кафка,1922,в наличии
287,Процесс,Франц Кафка,1914-1915,в наличии
288,Третья ракета,Василь Быков,1962,в наличии
289,Цветы для Элджернона,Дэниел Киз,1959,в наличии
290,Факультет ненужных вещей,Юрий Домбровский,1975,в наличии
291,Автостопом по галактике,Дуглас Адамс,1979,в наличии
292,Нос,Николай Гоголь,1832-1833,в наличии
293,Грозовой перевал,Эмили Бронте,1847,в наличии
294,В окопах Сталинграда,Виктор Некрасов,1946,в наличии
295,Властелин колец,Джон Толкиен,1954-1955,в наличии
296,В поисках утраченного времени,Марсель Пруст,1913-1922,в наличии
297,Поющие в терновнике,Колин Маккалоу,1977,в наличии
298,Маскарад,Михаил Лермонтов,1835,в наличии
299,Яма,Александр Куприн,1909-1915,в наличии
300,Чайка по имени Джонатан Ливингстон,Ричард Бах,1970,в наличии
301,Вино из одуванчиков,Рэй Брэдбери,1957,в наличии
302,Аленький цветочек,Сергей Аксаков,1858,в наличии
303,Стихотворения,Михаил Лермонтов,1828-1841,в наличии
304,Ночь нежна,Фрэнсис Скотт Фицджеральд,1934,в наличии
305,Майор Вихрь,Юлиан Семенов,1967,в наличии
306,Что делать?,Николай Чернышевский,1863,в наличии
307,Норвежский лес,Харуки Мураками,1987,в наличии
308,Голубая чашка,Аркадий Гайдар,1936,в наличии
309,Рассказы,Иван Ефремов,1942-1972,в наличии
310,Стихи. Песни. Пародии. Сказки. Пьесы. Киноповести,Леонид Филатов,1998,в наличии
311,Двойник,Федор Достоевский,1846,в наличии
312,Жизнь Клима Самгина,Максим Горький,1925-1936,в наличии
313,Степной волк,Герман Гессе,1927,в наличии
314,Легенды и мифы Древней Греции,Николай Кун,1922,в наличии
315,Полковнику никто не пишет,Габриэль Гарсиа Маркес,1961,в наличии
316,Князь Серебряный,Алексей Константинович Толстой,1863,в наличии
317,"Малыш и Карлсон, который живёт на крыше",Астрид Линдгрен,1955,в наличии
318,Слепой музыкант,Владимир Короленко,1886,в наличии
319,Рубаи,Омар Хайям,XI век,в наличии
320,Запечатленный ангел,Николай Лесков,1872,в наличии
321,Сиддхартха,Герман Гессе,1922,в наличии
322,Игра в бисер,Герман Гессе,1931-1942,в наличии
323,Стихотворения. (1912—1917),Владимир Маяковский,1912-1917,в наличии
324,Дети подземелья,Владимир Короленко,1885,в наличии
325,Сказки,Владимир Сутеев,,в наличии
326,Сказка о золотом петушке,Александр Пушкин,1834,в наличии
327,Соборяне,Николай Лесков,1872,в наличии
328,Страдания юного Вертера,Иоганн Вольфганг фон Гёте,1774,в наличии
329,Рассказы,Эдгар По,1833-1849,в наличии
330,Солнце живых,Иван Шмелёв,1912-1931,в наличии
331,Овод,Этель Лилиан Войнич,1897,в наличии
332,Фальшивый купон,Лев Толстой,Конец 1880-х-1904,в наличии
333,Пути небесные,Иван Шмелёв,1936-1947,в наличии
334,Угрюм-река,Вячеслав Шишков,1928-1933,в наличии
335,Повесть о Ходже Насреддине,Леонид Соловьёв,"1939, 1954",в наличии
336,Незнайка в Солнечном городе,Николай  Носов,1958,в наличии
337,Чёрный монах,Антон Чехов,1894,в наличии
338,Убийство в Месопотамии,Агата Кристи,1936,в наличии
339,Сага о Форсайтах,Джон Голсуорси,1906-1921,в наличии
340,Пигмалион,Бернард Шоу,1913,в наличии
341,Слово О Полку Игореве,Неизвестный автор,XII век,в наличии
342,Стихотворения,Александр Блок,1901-1921,в наличии
343,Сирано де Бержерак,Эдмон Ростан,1897,в наличии
344,Имя Розы,Умберто Эко,1980,в наличии
345,Повелитель мух,Уильям Голдинг,1954,в наличии
346,Жизнь и судьба,Василий Гроссман,1950—1959,в наличии
347,Рассказ о семи повешенных,Леонид  Андреев,1909,в наличии
348,Тот самый Мюнхгаузен,Григорий Горин,1974,в наличии
349,Живи и помни,Валентин Распутин,1974,в наличии
350,Честь имею,Валентин Пикуль,1986,в наличии
351,Сандро из Чегема,Фазиль Искандер,1966-1973,в наличии
352,Человек в футляре,Антон Чехов,1898,в наличии
353,Десять негритят,Агата Кристи,1939,в наличии
354,Фаворит,Валентин Пикуль,1976-1982,в наличии
355,Чук и Гек,Аркадий Гайдар,1939,в наличии
356,Пословицы и поговорки русского народа,Владимир Даль,1862,в наличии
357,Демон,Михаил Лермонтов,1829—1839,в наличии
358,"Праздник, который всегда с тобой",Эрнест Хемингуэй,1964,в наличии
359,"Я, следователь",Братья Вайнеры,1972,в наличии
360,Урфин Джюс и его деревянные солдаты,Александр Волков,1963,в наличии
361,Хромая судьба,Аркадий и Борис Стругацкие,1986,в наличии
362,Плаха,Чингиз Айтматов,1986,в наличии
363,Архив Шерлока Холмса,Артур Конан Дойль,1927,в наличии
364,Иметь и не иметь,Эрнест Хемингуэй,1937,в наличии
365,Лезвие бритвы,Иван Ефремов,1959-1963,в наличии
366,Убить пересмешника,Харпер Ли,1960,в наличии
367,Визит к Минотавру,Братья Вайнеры,1972,в наличии
368,Один день Ивана Денисовича,Александр Солженицын,1959,в наличии
369,В списках не значился,Борис Васильев,1974,в наличии
370,Жук в муравейнике,Аркадий и Борис Стругацкие,1979,в наличии
371,Время жить и время умирать,Эрих Мария Ремарк,1954,в наличии
372,Гроза,Александр Островский,1860,в наличии
373,Мой любимый sputnik,Харуки Мураками,1999,в наличии
374,Брестская крепость,Сергей Смирнов,1957,в наличии
375,Старший сын,Александр Вампилов,1967,в наличии
376,Нерв,Владимир Высоцкий,1981,в наличии
377,Гонки по вертикали,Братья Вайнеры,1974,в наличии
378,Калина красная,Василий Шукшин,1973,в наличии
379,Обрыв,Иван Гончаров,1869,в наличии
380,Реквием,Анна Ахматова,1935-1940,в наличии
381,Золотая цепь,Александр Грин,1925,в наличии
382,Хроники Амбера,Роджер Желязны,1970-1991,в наличии
383,Рассказы о животных,Эрнест Сетон-Томпсон,1883-1927,в наличии
384,Моонзунд,Валентин Пикуль,1973,в наличии
385,Улисс,Джеймс Джойс,1914-1921,в наличии
386,Плутония,Владимир Обручев,1915,в наличии
387,Молодая гвардия,Александр Фадеев,1951,в наличии
388,Сонеты и стихи,Уильям Шекспир,1592-1599,в наличии
389,Круглянский мост,Василь Быков,1968,в наличии
390,"Сказка о Военной тайне, о Мальчише-Кибальчише и его твёрдом слове",Аркадий Гайдар,1933,в наличии
391,Люди бездны,Джек Лондон,1903,в наличии
392,Барышня-крестьянка,Александр Пушкин,1831,в наличии
393,Дорога,Джек Лондон,1907,в наличии
394,Большая четверка,Агата Кристи,1927,в наличии
395,Севастопольская страда,Сергей Сергеев-Ценский,1939,в наличии
396,Бронзовая птица,Анатолий Рыбаков,1956,в наличии
397,"Золотой ключик, или Приключения Буратино",Алексей Толстой,1935,в наличии
398,Звёздные дневники Ийона Тихого,Станислав Лем,1953-1999,в наличии
399,Тимур и его команда,Аркадий Гайдар,1940,в наличии
400,За миллиард лет до конца света,Аркадий и Борис Стругацкие,1976,в наличии
401,Ярмарка тщеславия,Уильям  Теккерей,1848,в наличии
402,Смок Беллью/Смок и Малыш,Джек Лондон,1912,в наличии
403,Сказки,Корней Чуковский,1916-1946,в наличии
404,Смерть в облаках,Агата Кристи,1935,в наличии
405,Поединок,Александр Куприн,1905,в наличии
406,Кафка на пляже,Харуки Мураками,2002,в наличии
407,Джентльмены удачи,Виктория Токарева,1968,в наличии
408,Судьба барабанщика,Аркадий Гайдар,1938,в наличии
409,Дьяволиада,Михаил Булгаков,1923,в наличии
410,Цусима,Алексей Новиков-Прибой,1932,в наличии
411,Женщина в песках,Кобо Абэ,1962,в наличии
412,Хищные вещи века,Аркадий и Борис Стругацкие,1965,в наличии
413,Рассказы о животных,Софья Радзиевская,1980,в наличии
414,Школа,Аркадий Гайдар,1930,в наличии
415,В овраге,Антон Чехов,1899,в наличии
416,Экспансия,Юлиан Семенов,1984,в наличии
417,Малыш,Аркадий и Борис Стругацкие,1971,в наличии
418,Прокляты и убиты,Виктор Астафьев,1993,в наличии
419,Сын полка,Валентин Катаев,1945,в наличии
420,"Пегий пёс, бегущий краем моря",Чингиз Айтматов,1977,в наличии
421,Мещерская сторона,Константин Паустовский,1938,в наличии
422,Петля и камень в зеленой траве,Братья Вайнеры,1975–1977,в наличии
423,Волхв,Джон Фаулз,1966,в наличии
424,Остров Сахалин,Антон Чехов,1893-1895,в наличии
425,Театр,Сомерсет Моэм,1937,в наличии
426,Смерть в Венеции,Томас Манн,1912,в наличии
427,Снежная королева,Ганс Христиан Андерсен,1844,в наличии
428,Кролики и удавы,Фазиль Искандер,1982,в наличии
429,Госпожа Бовари,Гюстав Флобер,1856,в наличии
430,Гроздья гнева,Джон Стейнбек,1939,в наличии
431,На задворках великой империи,Валентин Пикуль,1964—1966,в наличии
432,Последний из Могикан,Джеймс Фенимор Купер,1826,в наличии
433,"Дядя Фёдор, пёс и кот",Эдуард Успенский,1974,в наличии
434,Синяя Птица,Морис Метерлинк,1908,в наличии
435,Чужое лицо,Кобо Абэ,1964,в наличии
436,Женитьба,Николай Гоголь,1842,в наличии
437,Победа,Александр Чаковский,1979,в наличии
438,Семья вурдалака,Алексей Константинович Толстой,1839,в наличии
439,1Q84,Харуки Мураками,2009-2010,в наличии
440,Полосатая спинка. Рассказы,Софья Радзиевская,1979,в наличии
441,Песнь Льда и Огня,Джордж Мартин,1996 -...,в наличии
442,Коварный удар,Джеймс Хедли Чейз,1954,в наличии
443,Завтра была война,Борис Васильев,1984,в наличии
444,Тайна «Голубого поезда»,Агата Кристи,1928,в наличии
445,Иосиф и его братья,Томас Манн,1933-1943,в наличии
446,Выстрел,Анатолий Рыбаков,1975,в наличии
447,Толковый словарь живого великорусского языка,Владимир Даль,1861-1868,в наличии
448,Последний дюйм,Джеймс Олдридж,1957,в наличии
449,Страна Чудес без тормозов и Конец Света,Харуки Мураками,1985,в наличии
450,Черный принц,Айрис Мердок,1973,в наличии
451,Защита Лужина,Владимир Набоков,1929-1930,в наличии
452,Лёгкое дыхание,Иван Бунин,1916,в наличии
453,Детство Никиты,Алексей Толстой,1922,в наличии
454,Как закалялась сталь,Николай Островский,1934,в наличии
455,Степь,Антон Чехов,1888,в наличии
456,Дар,Владимир Набоков,1937-1938,в наличии
457,Чевенгур,Андрей Платонов,1926-1928,в наличии
458,Мать,Максим Горький,1906,в наличии
459,Военная тайна,Аркадий Гайдар,1935,в наличии
460,Душной ночью в Каролине,Джон Болл,1965,в наличии
461,Этика,Бенедикт Спиноза,1677,в наличии
462,Сын волка,Джек Лондон,1899,в наличии
463,На краю Ойкумены,Иван Ефремов,1946,в наличии
464,Мальчики с бантиками,Валентин Пикуль,1985,в наличии
465,Жеребенок,Михаил Шолохов,1924,в наличии
466,Щит и меч,Вадим Кожевников,1965,в наличии
467,Белое безмолвие,Джек Лондон,1899,в наличии
468,Записки маркёра,Лев Толстой,1853 - 1855,в наличии
469,Посошок,Александр Башлачёв,1990,в наличии
470,Дао де Цзин,Лао Цзы,IV—III в. до н. э.,в наличии
471,Нетерпение сердца,Стефан Цвейг,1939,в наличии
472,Записки на манжетах,Михаил Булгаков,1923,в наличии
473,Приключения капитана Врунгеля,Андрей Некрасов,1937,в наличии
474,Маленькая хозяйка большого дома,Джек Лондон,1916,в наличии
475,Туманность Андромеды,Иван Ефремов,1955-1958,в наличии
476,Гадюка,Алексей Толстой,1925,в наличии
477,Охота на овец,Харуки Мураками,1982,в наличии
478,Коллекционер,Джон Фаулз,1963,в наличии
479,Сказки про Муми-тролля,Туве Янссон,1945-1970,в наличии
480,Опасные связи,Шодерло де Лакло,1782,в наличии
481,Хроники Заводной Птицы,Харуки Мураками,1992-1995,в наличии
482,Котлован,Андрей Платонов,1930,в наличии
483,Полтава,Александр Пушкин,1828,в наличии
484,Королевское Высочество,Томас Манн,1909,в наличии
485,Обмененные головы. Индийская легенда,Томас Манн,1940,в наличии
486,Пеппи Длинный чулок,Астрид Линдгрен,1945-1979,в наличии
487,Демиан,Герман Гессе,1919,в наличии
488,На всякого мудреца довольно простоты,Александр Островский,1868,в наличии
489,Декамерон,Джованни Боккаччо,1352-1354,в наличии
490,Зеленая миля,Стивен Кинг,1996,в наличии
491,"Дэнс, дэнс, дэнс",Харуки Мураками,1988,в наличии
492,К последнему морю,Василий Ян,1955,в наличии
493,Сказки,Оскар Уайльд,1888,в наличии
494,Старая крепость,Владимир Беляев,1936-1950,в наличии
495,Нарцисс и Гольдмунд,Герман Гессе,1930,в наличии
496,Необыкновенные приключения Карика и Вали,Ян Ларри,1937,в наличии
497,Чарли и шоколадная фабрика,Роальд Даль,1964,в наличии
498,Токийские легенды,Харуки Мураками,2005,в наличии
499,Крёстный отец,Марио Пьюзо,1969,в наличии
500,Записки сумасшедшего,Николай Гоголь,1834,в наличии
501,Одиссея Капитана Блада,Рафаэль Сабатини,1922,в наличии
502,Спеши любить,Николас Спаркс,1999,в наличии
503,Фиеста (И восходит солнце),Эрнест Хемингуэй,1926,в наличии
504,Стихотворения,Фёдор Тютчев,1813-1873,в наличии
505,Журавлиный крик,Василь Быков,1959,в наличии
506,Мальчики,Антон Чехов,1887,в наличии
507,Невыносимая легкость бытия,Милан Кундера,1984,в наличии
508,Эра Милосердия,Братья Вайнеры,1976,в наличии
509,Альпийская баллада,Василь Быков,1963,в наличии
510,Белые одежды,Владимир Дудинцев,1986,в наличии
511,Приключения барона Мюнхгаузена,Рудольф Эрих Распэ,1786,в наличии
512,Северная повесть,Константин Паустовский,1937,в наличии
513,Обелиск,Василь Быков,1971,в наличии
514,Сказки,Братья Гримм,1812,в наличии
515,Петер Каменцинд,Герман Гессе,1904,в наличии
516,Витя Малеев в школе и дома,Николай  Носов,1951,в наличии
517,Его прощальный поклон,Артур Конан Дойль,1908-1917,в наличии
518,Рассказы,Герберт Уэллс,1887-1939,в наличии
519,Приключения Чиполлино,Джанни Родари,1957,в наличии
520,Посторонний,Альбер Камю,1942,в наличии
521,История государства Российского,Николай Карамзин,1816 -1825,в наличии
522,Милый друг,Ги де Мопассан,1885,в наличии
523,Хроники Нарнии,Клайв Льюис,1950-1956,в наличии
524,Королёк — птичка певчая,Решад Нури Гюнтекин,1922,в наличии
525,Стихи для детей,Самуил Маршак,1923-1964,в наличии
526,Сказки,Вильгельм Гауф,1826-1828,в наличии
527,"Бойня номер пять, или Крестовый поход детей",Курт Воннегут,1969,в наличии
528,Дерсу Узала,Владимир Арсеньев,1923,в наличии
529,И дольше века длится день...,Чингиз Айтматов,1980,в наличии
530,Три возраста Окини-Сан,Валентин Пикуль,1981,в наличии
531,Чувство и чувствительность (Разум и чувство),Джейн Остин,1811,в наличии
532,Приглашение на казнь,Владимир Набоков,1936,в наличии
533,Душечка,Антон Чехов,1899,в наличии
534,Снега Килиманджаро,Эрнест Хемингуэй,1936,в наличии
535,Острова в океане,Эрнест Хемингуэй,"1950-51, 1970",в наличии
536,Дожить до рассвета,Василь Быков,1972,в наличии
537,Цветы запоздалые,Антон Чехов,1882,в наличии
538,Уральские сказы,Павел Бажов,1936-1950,в наличии
539,Метель,Александр Пушкин,1831,в наличии
540,Мёртвым не больно,Василь Быков,1965,в наличии
541,Хижина дяди Тома,Гарриет Бичер-Стоу,1852,в наличии
542,Чучело,Владимир Железников,1981,в наличии
543,Веселый солдат,Виктор Астафьев,1998,в наличии
544,Драматическая трилогия,Алексей Константинович Толстой,1866-70,в наличии
545,Эмиль из Лённеберги,Астрид Линдгрен,1963,в наличии
546,Душа ребенка,Герман Гессе,1918,в наличии
547,Мир глазами Гарпа,Джон Ирвинг,1978,в наличии
548,Америка (Пропавший без вести),Франц Кафка,1927,в наличии
549,Старик Хоттабыч,Лазарь Лагин,1938,в наличии
550,Айвенго,Вальтер Скотт,1819,в наличии
551,Дневник фокса Микки,Саша Черный,1927,в наличии
552,Критика чистого разума,Иммануил Кант,1781,в наличии
553,Жизнь и необычайные приключения солдата Ивана Чонкина,Владимир Войнович,1963-2007,в наличии
554,Мой лейтенант,Даниил Гранин,2011,в наличии
555,Житие одной бабы,Николай Лесков,1863,в наличии
556,Дракон,Евгений Шварц,1944,в наличии
557,Лирика,Фернандо Пессоа,,в наличии
558,Поздняя любовь,Александр Островский,1873,в наличии
559,Так говорил Заратустра. Книга для всех и ни для кого,Фридрих Ницше,1883-1891,в наличии
560,Остров доктора Моро,Герберт Уэллс,1896,в наличии
561,Крутой маршрут,Евгения Гинзбург,1967-1977,в наличии
562,Проклятые короли,Морис Дрюон,1955-1960,в наличии
563,Зов предков,Джек Лондон,1903,в наличии
564,Листья травы,Уолт Уитмен,1855-1891,в наличии
565,Сто лет тому вперёд,Кир Булычев,1978,в наличии
566,Людочка,Виктор Астафьев,1987,в наличии
567,Большие надежды,Чарльз Диккенс,1861,в наличии
568,Шагреневая кожа,Оноре де Бальзак,1831,в наличии
569,Другие берега,Владимир Набоков,1953,в наличии
570,Женщина в белом,Уилки Коллинз,1860,в наличии
571,Поллианна,Элинор Портер,1913,в наличии
572,Молчание ягнят,Томас Харрис,1988,в наличии
573,Годы учения Вильгельма Мейстера,Иоганн Вольфганг фон Гёте,1795-1796,в наличии
574,Дети Арбата,Анатолий Рыбаков,1960-е,в наличии
575,И грянул гром,Рэй Брэдбери,1952,в наличии
576,Без семьи,Гектор Мало,1878,в наличии
577,Стоянка человека,Фазиль Искандер,1990,в наличии
578,Чума,Альбер Камю,1947,в наличии
579,Сказка о мёртвой царевне и о семи богатырях,Александр Пушкин,1833,в наличии
580,Рождественская песнь в прозе,Чарльз Диккенс,1843,в наличии
581,"Следопыт, или На берегах Онтарио",Джеймс Фенимор Купер,1840,в наличии
582,Любовница французского лейтенанта,Джон Фаулз,1969,в наличии
583,Мемуары гейши,Артур Голден,1997,в наличии
584,Аэропорт,Артур Хейли,1968,в наличии
585,Загадочная история Бенджамина Баттона,Фрэнсис Скотт Фицджеральд,1921,в наличии
586,Милый бо-пэр,Тибор Дери,1973,в наличии
587,Камера обскура,Владимир Набоков,1932,в наличии
588,Цыганы,Александр Пушкин,1824,в наличии
589,Ночевала тучка золотая,Анатолий Приставкин,1987,в наличии
590,Зима тревоги нашей,Джон Стейнбек,1961,в наличии
591,Москва-Петушки,Венедикт Ерофеев,1970,в наличии
592,Три женщины,Роберт Музиль,1924,в наличии
593,Волны гасят ветер,Аркадий и Борис Стругацкие,1986,в наличии
594,Укрощение строптивой,Уильям Шекспир,"1593(?), 1594(?)",в наличии
595,Сестра Керри,Теодор Драйзер,1900,в наличии
596,Деньги для Марии,Валентин Распутин,1967,в наличии
597,Приготовительная школа эстетики,Жан Поль,1804,в наличии
598,Афоризмы житейской мудрости,Артур Шопенгауэр,1851,в наличии
599,Клуб самоубийц,Роберт Льюис Стивенсон,1878,в наличии
600,Мои университеты,Максим Горький,1923,в наличии
601,Паломничество в Страну Востока,Герман Гессе,1932,в наличии
602,"Дикая собака Динго, или Повесть о первой любви",Рувим Фраерман,1939,в наличии
603,"За рекой, в тени деревьев",Эрнест Хемингуэй,1950,в наличии
604,"Зверобой, или Первая тропа войны",Джеймс Фенимор Купер,1841,в наличии
605,Братья и сёстры,Фёдор Абрамов,1958,в наличии
606,Пышка,Ги де Мопассан,1880,в наличии
607,Первая любовь,Иван Тургенев,1860,в наличии
608,Спартак,Рафаэлло Джованьоли,1874,в наличии
609,Консуэло,Жорж Санд,1843,в наличии
610,Золушка,Шарль Перро,1697,в наличии
611,Хамелеон,Антон Чехов,1884,в наличии
612,Эдем,Станислав Лем,1959,в наличии
613,"Дэвид Копперфильд (Жизнь Дэвида Копперфильда, рассказанная им самим)",Чарльз Диккенс,1849-1850,в наличии
614,Шантарам,Грегори Дэвид Робертс,2003,в наличии
615,Окаянные дни,Иван Бунин,1918,в наличии
616,Белый пудель,Александр Куприн,1903,в наличии
617,Бедная Лиза,Николай Карамзин,1792,в наличии
618,Повесть о жизни,Константин Паустовский,1945—1963,в наличии
619,Последний поклон,Виктор Астафьев,1968,в наличии
620,Луна и грош,Сомерсет Моэм,1919,в наличии
621,Этногенез и биосфера земли,Лев Гумилев,1974,в наличии
622,Любовник леди Чаттерли,Дэвид Лоуренс,1928,в наличии
623,Джамиля,Чингиз Айтматов,1958,в наличии
624,Архипелаг ГУЛАГ,Александр Солженицын,1958-1967,в наличии
625,Жизнь господина де Мольера,Михаил Булгаков,1933,в наличии
626,Вечерние огни,Афанасий Фет,1883-1891,в наличии
627,Ашик-Кериб,Михаил Лермонтов,1837,в наличии
628,Нечистая сила,Валентин Пикуль,1979,в наличии
629,Quo vadis (Камо грядеши),Генрик Сенкевич,1894-1896,в наличии
630,Далекая Радуга,Аркадий и Борис Стругацкие,1963,в наличии
631,Тысяча и одна ночь,Неизвестный автор,,в наличии
632,Доктор Айболит,Корней Чуковский,1929,в наличии
633,Капитал,Карл Маркс,1867,в наличии
634,Фантазеры,Николай  Носов,1957,в наличии
635,"Тим Талер, или Проданный смех",Джеймс Крюс,1962,в наличии
636,Моби Дик,Герман Мелвилл,1851,в наличии
637,Белый пароход,Чингиз Айтматов,1970,в наличии
638,Ради сына,Эрве Базен,1960,в наличии
639,Встань и иди,Эрве Базен,1951,в наличии
640,Как важно быть серьезным,Оскар Уайльд,1895,в наличии
641,В исправительной колонии,Франц Кафка,1914,в наличии
642,"Хоббит, или Туда и обратно",Джон Толкиен,1937,в наличии
643,Детский остров,Саша Черный,1920,в наличии
644,Борьба за огонь,Жозеф Анри Рони-старший,1909,в наличии
645,Ночь в Лиссабоне,Эрих Мария Ремарк,1962,в наличии
646,Посмертные записки Пиквикского клуба,Чарльз Диккенс,1837,в наличии
647,Путь на Амальтею,Аркадий и Борис Стругацкие,1959,в наличии
648,Пойти и не вернуться,Василь Быков,1978,в наличии
649,Убийство на улице Морг,Эдгар По,1841,в наличии
650,Межзвёздный скиталец (Смирительная рубашка),Джек Лондон,1915,в наличии
651,Египетские ночи,Александр Пушкин,1835,в наличии
652,Признания авантюриста Феликса Круля,Томас Манн,1954,в наличии
653,Бремя страстей человеческих,Сомерсет Моэм,1915,в наличии
654,Замок Броуди,Арчибальд Кронин,1931,в наличии
655,Стажёры,Аркадий и Борис Стругацкие,1961,в наличии
656,Отель,Артур Хейли,1965,в наличии
657,Асканио,Александр Дюма,1843,в наличии
658,Белый Ягуар - вождь араваков,Аркадий Фидлер,1980,в наличии
659,Пьер и Люс,Ромен Роллан,1920,в наличии
660,Квентин Дорвард,Вальтер Скотт,1823,в наличии
661,Русские женщины,Николай Некрасов,1872,в наличии
662,Просто вместе,Анна Гавальда,2004,в наличии
663,Блеск и нищета куртизанок,Оноре де Бальзак,1838-1847,в наличии
664,Машенька,Владимир Набоков,1926,в наличии
665,"Отель ""У погибшего альпиниста""",Аркадий и Борис Стругацкие,1970,в наличии
666,Стихотворения в прозе,Иван Тургенев,1878-1882,в наличии
667,Отелло,Уильям Шекспир,1604,в наличии
668,Попытка к бегству,Аркадий и Борис Стругацкие,1962,в наличии
669,Чистый понедельник,Иван Бунин,1944,в наличии
670,День Петра,Алексей Толстой,1918,в наличии
671,Эмма,Джейн Остин,1816,в наличии
672,Остров погибших кораблей,Александр Беляев,1926-1927,в наличии
673,Лунный камень,Уилки Коллинз,1866,в наличии
674,Чингисхан,Василий Ян,1939,в наличии
675,Черная стрела,Роберт Льюис Стивенсон,1888,в наличии
676,Парень из преисподней,Аркадий и Борис Стругацкие,1974,в наличии
677,Ребекка,Дафна дю Морье,1938,в наличии
678,Сказка о тройке,Аркадий и Борис Стругацкие,1967,в наличии
679,Письмо незнакомки,Стефан Цвейг,1922,в наличии
680,Басни и рассказы для детей,Лев Толстой,,в наличии
681,"О чем я говорю, когда говорю о беге",Харуки Мураками,2007,в наличии
682,Сказки Матушки Гусыни,Шарль Перро,1697,в наличии
683,Доводы рассудка,Джейн Остин,1817,в наличии
684,Государь,Никколо Макиавелли,1532,в наличии
685,Пармская обитель,Стендаль,1839—1846,в наличии
686,Трилогия желания,Теодор Драйзер,1912-1947,в наличии
687,Дракула,Брэм Стокер,1897,в наличии
688,Философические письма,Петр Чаадаев,1836,в наличии
689,Царь - рыба,Виктор Астафьев,1976,в наличии
690,Если наступит завтра,Сидни Шелдон,1985,в наличии
691,Зеленый Генрих,Готфрид Келлер,1855,в наличии
692,Стихи для детей,Агния Барто,1925-1970,в наличии
693,Легенда об Уленшпигеле,Шарль де Костер,1867,в наличии
694,Похороните меня за плинтусом,Павел Санаев,1995,в наличии
695,Батый,Василий Ян,1942,в наличии
696,Шум и ярость,Уильям Фолкнер,1929,в наличии
697,Жизнь животных,Альфред Брем,1863-1869,в наличии
698,Дело Артамоновых,Максим Горький,1925,в наличии
699,P.S. Я люблю тебя,Сесилия Ахерн,2002,в наличии
700,Эмигранты,Алексей Толстой,1931-1939,в наличии
701,"И всякий, кто встретится со мной",Отар Чиладзе,1976,в наличии
702,Нортенгерское Аббатство,Джейн Остин,1818,в наличии
703,Парфюмер. История одного убийцы,Патрик Зюскинд,1985,в наличии
704,Разгром,Александр Фадеев,1926,в наличии
705,Сельские Ромео и Джульетта,Готфрид Келлер,1856,в наличии
706,Холодный дом,Чарльз Диккенс,1852,в наличии
707,Две Дианы,Александр Дюма,1846-1847,в наличии
708,Тропик Рака,Генри Миллер,1934,в наличии
709,Колыбель для кошки,Курт Воннегут,1963,в наличии
710,Сегун,Джеймс Клавелл,1975,в наличии
711,"Кандид, или оптимизм",Вольтер,1758,в наличии
712,Дженни Герхардт,Теодор Драйзер,1911,в наличии
713,Сказка о потерянном времени,Евгений Шварц,1940,в наличии
714,Стихотворения,Булат Окуджава,1943—1997,в наличии
715,Мэнсфилд-парк,Джейн Остин,1814,в наличии
716,Искра жизни,Эрих Мария Ремарк,1952,в наличии
717,Мойдодыр,Корней Чуковский,1923,в наличии
718,Сон смешного человека,Федор Достоевский,1877,в наличии
719,"Полиция, полиция, картофельное пюре","Пер Вале, Май Шевалль",1970,в наличии
720,Глазами клоуна,Генрих Бёлль,1963,в наличии
721,Тени исчезают в полдень,Анатолий Иванов,1963,в наличии
722,Солнце мёртвых,Иван Шмелёв,1923,в наличии
723,В лесах. На горах,Павел Мельников ,1871-1881,в наличии
724,Кавказский пленник,Михаил Лермонтов,1828,в наличии
725,Заводной апельсин,Энтони Бёрджесс,1962,в наличии
726,Отягощённые злом,Аркадий и Борис Стругацкие,1986—1988,в наличии
727,Непричесанные мысли,Станислав Ежи Лец,1957,в наличии
728,Динка,Валентина Осеева,1959,в наличии
729,Снегурочка,Александр Островский,1873,в наличии
730,Цветы зла,Шарль Бодлер,1857,в наличии
731,Женитьба Бальзаминова,Александр Островский,1861,в наличии
732,Пером и шпагой,Валентин Пикуль,1972,в наличии
733,Сердце Пармы,Алексей Иванов,2003,в наличии
734,Электроник - мальчик из чемодана,Евгений Велтистов,1964,в наличии
735,"Я, робот",Айзек Азимов,1950,в наличии
736,Мальчик со шпагой,Владислав Крапивин,1972-1974,в наличии
737,Кентерберийские рассказы,Джеффри Чосер,конец XIVв,в наличии
738,Чтец,Бернхард Шлинк,1995,в наличии
739,Тяжелый песок,Анатолий Рыбаков,1978,в наличии
740,Палая листва,Габриэль Гарсиа Маркес,1955,в наличии
741,Собака на сене,Лопе де Вега,1618,в наличии
742,Родная речь: уроки изящной словесности,"Петр Вайль, Александр Генис",1990,в наличии
743,Одноэтажная Америка,"Илья Ильф, Евгений Петров",1937,в наличии
744,Новеллы,Ги де Мопассан,1880,в наличии
745,Путешествие к центру Земли,Жюль Верн,1865,в наличии
746,Колесо времени,Роберт Джордан,1990-2013,в наличии
747,Рассказы о пилоте Пирксе,Станислав Лем,1968,в наличии
748,Дневник памяти,Николас Спаркс,1996,в наличии
749,Светлана,Василий Жуковский,1808 -- 1812,в наличии
750,Анатомия одного развода,Эрве Базен,1974,в наличии
751,О мышах и людях,Джон Стейнбек,1937,в наличии
752,Короли и капуста,О.Генри,1904,в наличии
753,Капитан Сорви-голова,Луи Буссенар,1901,в наличии
754,Тэсс из рода д’Эрбервиллей,Томас Харди,1891,в наличии
755,Любите ли Вы Брамса?,Франсуаза Саган,1959,в наличии
756,Матрёнин двор,Александр Солженицын,1959,в наличии
757,Голод,Кнут Гамсун,1890,в наличии
758,Маятник Фуко,Умберто Эко,1988,в наличии
759,Опыты,Мишель де Монтень,1580,в наличии
760,Иуда Искариот,Леонид  Андреев,1907,в наличии
761,Бежин луг,Иван Тургенев,1851,в наличии
762,По эту сторону рая,Фрэнсис Скотт Фицджеральд,1920,в наличии
763,Трёхгрошовый роман,Бертольт Брехт,1934,в наличии
764,Золото бунта,Алексей Иванов,2005,в наличии
765,Девяносто третий год,Виктор Гюго,1874,в наличии
766,Дюна,Фрэнк Герберт,1965,в наличии
767,Гаргантюа и Пантагрюэль,Франсуа Рабле,1533-1564,в наличии
768,Рита Хейуорт или Побег из Шоушенка,Стивен Кинг,1982,в наличии
769,Заповедник гоблинов,Клиффорд Саймак,1968,в наличии
770,Побежденные,Ирина Головкина (Римская-Корсакова),1993,в наличии
771,Публицистические статьи и эссе,Джордж Оруэлл,1935-1950,в наличии
772,Гений,Теодор Драйзер,1915,в наличии
773,Смутная улыбка,Франсуаза Саган,1956,в наличии
774,О всех созданиях - больших и малых,Джеймс Хэрриот,1972,в наличии
775,Чемодан,Сергей Довлатов,1986,в наличии
776,Вадим,Михаил Лермонтов,1833,в наличии
777,Девушка с татуировкой дракона,Стиг Ларссон,2005,в наличии
778,Раковый корпус,Александр Солженицын,1963-1966,в наличии
779,Суламифь,Александр Куприн,1908,в наличии
780,Любовь во время холеры,Габриэль Гарсиа Маркес,1985,в наличии
781,Плоский мир,Терри Пратчетт,1983-2014,в наличии
782,Письма незнакомке,Андре Моруа,1953,в наличии
783,Гадкий Утенок,Ганс Христиан Андерсен,1843,в наличии
784,Сон в летнюю ночь,Уильям Шекспир,1594—1596,в наличии
785,Три толстяка,Юрий Олеша,1924,в наличии
786,Волшебник Земноморья,Урсула Ле Гуин,1968-2001,в наличии
787,Голем,Густав Майринк,1914,в наличии
788,Сказки о ёжике и медвежонке,Сергей Козлов,2007,в наличии
789,Мир как воля и представление,Артур Шопенгауэр,1819,в наличии
790,Исповедь,Лев Толстой,1884,в наличии
791,Заповедник,Сергей Довлатов,1983,в наличии
792,Дама с камелиями,Александр Дюма (сын),1848,в наличии
793,Двадцать четыре часа из жизни женщины,Стефан Цвейг,1927,в наличии
794,История государства Российского от Гостомысла до Тимашева,Алексей Константинович Толстой,1868,в наличии
795,Лабиринты Ехо,Макс Фрай,1996-...,в наличии
796,Жажда жизни,Ирвинг Стоун,1934,в наличии
797,Планета людей,Антуан де Сент-Экзюпери,1939,в наличии
798,Темная башня,Стивен Кинг,1982-2012,в наличии
799,"Гойя, или Тяжкий путь познания",Лион Фейхтвангер,1951,в наличии
800,Юнкера,Александр Куприн,1928-1932,в наличии
801,"Здравствуй, грусть!",Франсуаза Саган,1954,в наличии
802,Роза Мира,Даниил Андреев,"1958, 1991",в наличии
803,Золотой горшок,Эрнст Теодор Амадей Гофман,1814,в наличии
804,Приваловские миллионы,Дмитрий Мамин-Сибиряк,1883,в наличии
805,Господин из Сан-Франциско,Иван Бунин,1915,в наличии
806,"Пионеры, или У истоков Саскуиханны",Джеймс Фенимор Купер,1823,в наличии
807,Мелкий бес,Федор Сологуб,1892-1902,в наличии
808,Капитаны песка,Жоржи Амаду,1937,в наличии
809,"Мио, мой Мио!",Астрид Линдгрен,1954,в наличии
810,Сорок из Северного Далласа (Северный Даллас Сорок),Питер Гент,1973,в наличии
811,Странная история доктора Джекила и мистера Хайда,Роберт Льюис Стивенсон,1886,в наличии
812,"Крошка Цахес, по прозванию Циннобер",Эрнст Теодор Амадей Гофман,1818,в наличии
813,Первые люди на Луне,Герберт Уэллс,1901,в наличии
814,Финансист,Теодор Драйзер,1912,в наличии
815,Гобсек,Оноре де Бальзак,1830,в наличии
816,Королевство кривых зеркал,Виталий Губарев,1951,в наличии
817,Сияние,Стивен Кинг,1977,в наличии
818,Басни,Эзоп,VI век до н. э.,в наличии
819,Рассказы и сказки,Виталий Бианки,1960,в наличии
820,Потерянный рай,Джон Мильтон,1667,в наличии
821,Джузеппе Бальзамо,Александр Дюма,1846 — 1848,в наличии
822,Прекрасные и проклятые,Фрэнсис Скотт Фицджеральд,1922,в наличии
823,Удивительный волшебник из страны Оз,Лаймен Фрэнк Баум,1900,в наличии
824,Возлюби ближнего своего,Эрих Мария Ремарк,1941,в наличии
825,Рони дочь разбойника,Астрид Линдгрен,1981,в наличии
826,Саломея,Оскар Уайльд,1891,в наличии
827,Незнакомка из Уайлдфелл-Холла,Энн Бронте,1848,в наличии
828,Амок,Стефан Цвейг,1922,в наличии
829,Звездные часы человечества,Стефан Цвейг,1927,в наличии
830,Север и Юг,Элизабет Гаскелл,1855,в наличии
831,Былины,Разные авторы,,в наличии
832,Янки из Коннектикута при дворе короля Артура,Марк Твен,1889,в наличии
833,Двенадцать месяцев,Самуил Маршак,1943,в наличии
834,Без языка,Владимир Короленко,1895,в наличии
835,Падение дома Ашеров,Эдгар По,1839,в наличии
836,Созвездие Козлотура,Фазиль Искандер,1966,в наличии
837,Энеида,Вергилий,29-19 г. до н. э.,в наличии
838,Человек в картинках,Рэй Брэдбери,1951,в наличии
839,Бог располагает!,Александр Дюма,1866,в наличии
840,Мнимый больной,Мольер,1673,в наличии
841,Памяти Каталонии,Джордж Оруэлл,1936,в наличии
842,Женская война,Александр Дюма,1849,в наличии
843,Сравнительные жизнеописания,Плутарх,79-120,в наличии
844,Крошка Доррит,Чарльз Диккенс,1855-1857,в наличии
845,Земля обетованная,Эрих Мария Ремарк,1998,в наличии
846,Глас Господа,Станислав Лем,1968,в наличии
847,99 франков,Фредерик Бегбедер,1997-2000,в наличии
848,Царь Эдип,Софокл,,в наличии
849,Дама в автомобиле в очках и с ружьем,Себастьян Жапризо,1966,в наличии
850,Ревун,Рэй Брэдбери,1951,в наличии
851,Сатирикон,Петроний Арбитр,I век н. э,в наличии
852,Живой как жизнь,Корней Чуковский,1962,в наличии
853,Падение,Альбер Камю,1956,в наличии
854,Конец вечности,Айзек Азимов,1955,в наличии
855,Кибериада,Станислав Лем,1964-1979,в наличии
856,"Завтрак для чемпионов, или Прощай, Черный понедельник!",Курт Воннегут,1973,в наличии
857,Утопия,Томас Мор,1516,в наличии
858,Хроника объявленной смерти,Габриэль Гарсиа Маркес,1981,в наличии
859,"Двенадцатая ночь, или Что угодно",Уильям Шекспир,1600-1601 (?),в наличии
860,Серенгети не должен умереть,Бернгард и Михаэль Гржимек,1959,в наличии
861,Домби и сын,Чарльз Диккенс,1846-1848,в наличии
862,Ат-Даван,Владимир Короленко,1892,в наличии
863,Военный летчик,Антуан де Сент-Экзюпери,1942,в наличии
864,Бойцовский клуб,Чак Паланик,1996,в наличии
865,Завтрак у Тиффани,Трумен Капоте,1958,в наличии
866,Маленькая Принцесса,Фрэнсис Элиза Бёрнетт,1905,в наличии
867,Случаи,Даниил Хармс,1930-е,в наличии
868,Одиночество в Сети,Януш Вишневский,2001,в наличии
869,Фрегат  «Паллада»,Иван Гончаров,1855-57,в наличии
870,В круге первом,Александр Солженицын,1955-1958,в наличии
871,Соколинец,Владимир Короленко,1885,в наличии
872,Рассказы,Агата Кристи,1924-1971,в наличии
873,Ричард III,Уильям Шекспир,1591,в наличии
874,2001: Космическая одиссея,Артур Кларк,1968,в наличии
875,Идеальный муж,Оскар Уайльд,1895,в наличии
876,Интервью с вампиром,Энн Райс,1976,в наличии
877,Агнес Грей,Энн Бронте,1847,в наличии
878,"Рукопись, найденная в ванне",Станислав Лем,1960,в наличии
879,"Девушка, которая взрывала воздушные замки",Стиг Ларссон,2007,в наличии
880,Юлий Цезарь,Уильям Шекспир,1599,в наличии
881,Шерли,Шарлотта Бронте,1849,в наличии
882,Генрих IV,Уильям Шекспир,1598,в наличии
883,Пан,Кнут Гамсун,1894,в наличии
884,Гуттаперчевый мальчик,Дмитрий Григорович,1883,в наличии
885,Очарованная душа,Ромен Роллан,1922,в наличии
886,Похождения Чичикова,Михаил Булгаков,1922,в наличии
887,Метафизика,Аристотель,IV в до н.э.,в наличии
888,Копи царя Соломона,Генри Райдер Хаггард,1885,в наличии
889,Тринадцатая сказка,Диана Сеттерфилд,2006,в наличии
890,Много шума из ничего,Уильям Шекспир,1600,в наличии
891,Игра Эндера,Орсон Скотт Кард,1985,в наличии
892,Немного солнца в холодной воде,Франсуаза Саган,1969,в наличии
893,"Девушка, которая играла с огнём",Стиг Ларссон,2006,в наличии
894,Ветер,Рэй Брэдбери,1943,в наличии
895,Серия о Дживсе и Вустере,Пэлем Грэнвил Вудхауз,1916-1974,в наличии
896,Надвигается беда,Рэй Брэдбери,1962,в наличии
897,Сумма технологии,Станислав Лем,1967,в наличии
898,Дневники,Лев Толстой,1847-1910,в наличии
899,Ариэль,Александр Беляев,1941,в наличии
900,"Франкенштейн, или Современный Прометей",Мэри Шелли,1818,в наличии
901,"Цветы сливы в золотой вазе, или Цзинь, Пин, Мэй",Ланьлинский насмешник,1617,в наличии
902,Ветер в ивах,Кеннет Грэм,1908,в наличии
903,Основание,Айзек Азимов,1951-1993,в наличии
904,Смерть - дело одинокое,Рэй Брэдбери,1985,в наличии
905,Звездная пехота (Звездный десант),Роберт Хайнлайн,1959,в наличии
906,Серия романов об адвокате Пэрри Мейсоне,Эрл Стэнли Гарднер,1933-1973,в наличии
907,Татарская пустыня,Дино Буццати,1940,в наличии
908,Лавка древностей,Чарльз Диккенс,1840-1841,в наличии
909,Цикл «Праведники»,Николай Лесков,1887,в наличии
910,Крыса из нержавеющей стали,Гарри Гаррисон,1961,в наличии
911,Клоп,Владимир Маяковский,1928,в наличии
912,Буря,Уильям Шекспир,1611,в наличии
913,Прерия,Джеймс Фенимор Купер,1827,в наличии
914,Динка прощается с детством,Валентина Осеева,1959,в наличии
915,Парижские тайны,Эжен Сю,1842-1843,в наличии
916,Персы,Эсхил,472 до н.э.,в наличии
917,Две жизни,Конкордия Антарова,"1940-е, 1993",в наличии
918,Пасынки Вселенной,Роберт Хайнлайн,1941,в наличии
919,Мы все из Бюллербю,Астрид Линдгрен,1947,в наличии
920,Город и Звезды,Артур Кларк,1956,в наличии
921,Лучшее средство от северного ветра,Даниэль Глаттауэр,2006,в наличии
922,Почти серьезно...,Юрий Никулин,1978,в наличии
923,Похищенный,Роберт Льюис Стивенсон,1886,в наличии
924,Свидание с Рамой,Артур Кларк,1970,в наличии
925,Путь жизни,Лев Толстой,1910,в наличии
926,Остров,Олдос Хаксли,1962,в наличии
927,Трое на четырех колесах,Джером К. Джером,1900,в наличии
928,Сирены Титана,Курт Воннегут,1959,в наличии
929,Чудеса в Гусляре,Кир Булычев,1967,в наличии
930,Конец детства,Артур Кларк,1952-1953,в наличии
931,Мир смерти,Гарри Гаррисон,1960-1973,в наличии
932,Голодные Игры,Сьюзен Коллинз,2008-2010,в наличии
933,Приют грёз,Эрих Мария Ремарк,1920,в наличии
934,"Лестерский кодекс (Трактат о воде, земле и небесных телах)",Леонардо да Винчи,1504-1516,в наличии
935,Маска Красной смерти,Эдгар По,1842,в наличии
936,Молодые годы короля Генриха IV/Зрелые годы короля Генриха IV,Генрих Манн,"1935, 1938",в наличии
937,Наш общий друг,Чарльз Диккенс,1860,в наличии
938,Последняя любовь в Константинополе,Милорад Павич,1994,в наличии
939,Робин Гуд,Александр Дюма,1863,в наличии
940,210 шагов,Роберт Рождественский,1975-1978,в наличии
941,Софист,Платон,,в наличии
942,В кругу развалин,Хорхе Луис Борхес,1940,в наличии
943,Питер Пэн и Венди,Джеймс Барри,1911,в наличии
944,"Серия ""Меч Истины""",Терри Гудкайнд,1994-2013,в наличии
945,Дочь Монтесумы,Генри Райдер Хаггард,1893,в наличии
946,"Месс Менд, или Янки в Петрограде",Мариэтта Шагинян,1924,в наличии
947,Хлеб для собаки,Владимир Тендряков,1970,в наличии
948,Сами боги,Айзек Азимов,1972,в наличии
949,Владетель Баллантрэ,Роберт Льюис Стивенсон,1889,в наличии
950,Мещанин во дворянстве,Мольер,1679,в наличии
951,Молодые львы,Ирвин Шоу,1949,в наличии
952,Мишкина каша,Николай  Носов,1938,в наличии
953,Империя Ангелов,Бернар Вербер,2000,в наличии
954,"Мы, боги",Бернар Вербер,2004,в наличии
955,Паломничество Чайльд-Гарольда,Джордж Гордон Байрон,1812—1818,в наличии
956,Ангел-хранитель,Франсуаза Саган,1968,в наличии
957,Париж в 20 веке (Париж 100 лет спустя),Жюль Верн,1863,в наличии
958,Властелин мира,Жюль Верн,1904,в наличии
959,Дневник Бриджит Джонс,Хелен Филдинг,1998,в наличии
960,Пища богов,Герберт Уэллс,1904,в наличии
961,Нравственные письма к Луцилию,Луций Анней Сенека,64,в наличии
962,"Сказка о добром царе, злом воеводе и бедном крестьянине",Николай Некрасов,1877,в наличии
963,Лотерейный билет № 9672,Жюль Верн,1886,в наличии
964,Искусство сновидения,Карлос Кастанеда,1993,в наличии
965,Искупление,Иэн Макьюэн,2001,в наличии
966,Люди или нелюди,Владимир Тендряков,1975-1976,в наличии
967,Красный смех,Леонид  Андреев,1904,в наличии
968,"Шпион, или Повесть о нейтральной территории",Джеймс Фенимор Купер,1821,в наличии
969,Двери восприятия. Рай и ад,Олдос Хаксли,1954,в наличии
970,Городок,Шарлотта Бронте,1853,в наличии
971,Михаил Строгов,Жюль Верн,1874-1875,в наличии
972,Одлян или Воздух свободы,Леонид Габышев,1989,в наличии
973,Беда,Михаил Зощенко,1923,в наличии
974,Путеводитель по науке (от египетских пирамид до космических станций),Айзек Азимов,1972,в наличии
975,Московская сага,Василий Аксенов,1991-1992,в наличии
976,В дороге (На дороге),Джек Керуак,1957,в наличии
977,Оружие и человек,Бернард Шоу,1894,в наличии
978,Рассказы,Карел Чапек,1908-1938,в наличии
979,Пролог,Николай Чернышевский,1870,в наличии
980,Сказки о силе,Карлос Кастанеда,1974,в наличии
981,Чужак в чужой стране,Роберт Хайнлайн,1961,в наличии
982,Ночь в тоскливом октябре,Роджер Желязны,1993,в наличии
983,Город и псы,Марио Варгас Льоса,1963,в наличии
984,Город,Клиффорд Саймак,1952,в наличии
985,Персиковый источник,Тао Юань-мин,420,в наличии
986,Путешествие в Икстлан,Карлос Кастанеда,1972,в наличии
987,Барбаросса,Валентин Пикуль,1991,в наличии
988,Золотой человек,Мор Йокаи,1872,в наличии
989,Городок в табакерке,Владимир Одоевский,1834,в наличии
990,Маленький оборвыш,Джемс Гринвуд,1866,в наличии
991,Вся королевская рать,Роберт Пенн Уоррен,1946,в наличии
992,Сказки для вундеркиндов,Сигизмунд Кржижановский,1919-1927,в наличии
993,Черт на колокольне,Эдгар По,1839,в наличии
994,Лолита,Владимир Набоков,"1955, 1958",в наличии
995,Маленькие женщины,Луиза Мэй Олкотт,1868-1869,в наличии
996,Северное сияние,Филип Пулман,1995,в наличии
997,"Трилогия ""Роза распятия""",Генри Миллер,1949-1960,в наличии
998,Оскар и Розовая дама,Эрик-Эммануэль Шмитт,2002,в наличии
999,Прожорливый башмак,Алексей Толстой,1911,в наличии
1000,Генерал Топтыгин,Николай Некрасов,1867,в наличии
